name, prompt, text
Game Intro, none, "Welcome to the Touhou Rainbow Market Game Beta!"
First Turn, y/n, "Is this your first time playing the game?"
Help Prompt 1, y/n, "Would you like to know how to play the game?"
Help Explanation, none, 
	"Here's how to play the game.
	Your goal is to make as much profit as possible within the span of 10 turns. 
	At the beginining, you are given two minutes for your turn to do what you are able to do. But as the game progresses, the time speeds up, giving you less time for actions.
	There are going to be a set number of markets to buy at the start of the round.
	Each market has their own special ability, whether it is the ability to attack markets from other players or protect your own. You can use a total of two market abilities per turn.
	Your player also have their own dedicated action. You can use only one player action per turn.
	Events also happen between every turn, but they are not currently implemented lol.
	By the end of the game, whoever has the largest profit is the winner. But beware, you also instantly lose if you go bankrupt."
Help Prompt 2, y/n, "Would you like to hear that again?"
Market Given Prompt, none, "Here are the current markets that are offered for this turn."
Market Choice Prompt, y/n, "Would you like this market?"
Market Deletion Prompt, y/n, "Do you want to delete a market that you currently have?"